name,country,region,secret,company,region1,currency
Galvin Rodriguez,China,Northern Cape,NXP60GGA9BP,Nec Cursus Industries,Coquimbo,"$5,781.54"
Kylan Fitzgerald,Colombia,Hậu Giang,TLW65EEJ9EQ,Ipsum Associates,Bolívar,"$9,245.79"
Henry Pollard,Turkey,Bali,BBW43HYQ4CJ,Dapibus Gravida Industries,Limousin,"$1,621.32"
Ava Knox,Nigeria,Maranhão,QRS65HVU7HT,Sit Amet Consectetuer Incorporated,Dunbartonshire,"$7,984.70"
Shaeleigh Chase,Spain,Jönköpings län,TQW32UVK1SV,Purus Sapien Ltd,Los Lagos,"$8,692.25"
Brett Pace,New Zealand,Niger,EYQ15ENB3WS,Accumsan Interdum Associates,Niedersachsen,"$4,156.17"
Ferdinand Bauer,India,Munster,FOY60XSL1XG,Malesuada Vel Venenatis LLP,Atacama,"$3,009.52"
Simon Pugh,Poland,Amazonas,AJK74VMO6HM,A Arcu Sed Incorporated,North Island,"$1,910.64"
Bruno Cooley,United Kingdom,Ulster,OPM92XBP1EW,Ligula Elit Consulting,East Region,"$5,652.49"
Xandra Bowman,Austria,Innlandet,GNY42OVU2CL,Fusce Limited,Burgenland,"$3,309.44"
Garrett Lester,Spain,Kent,WXS44LYP8BN,Accumsan Laoreet PC,Victoria,"$6,159.30"
Graham Ingram,Australia,Valparaíso,RNH53YKF5MW,Varius LLP,Chhattisgarh,"$4,555.32"
Jessamine Herrera,Brazil,Troms og Finnmark,CYJ71IWV4PV,Egestas Urna LLC,Limón,"$8,579.16"
Xanthus Delacruz,France,Iowa,NLX17HSJ0JP,Nullam Suscipit Est PC,South Jeolla,"$2,682.79"
Kelsey Anthony,United States,Luxemburg,DWN49SOF6WC,Posuere Enim Industries,Saint Petersburg City,"$4,272.79"
Ashton Levine,Belgium,Vorarlberg,PNT61NFC6IE,Non Nisi Industries,Davao Region,"$1,608.83"
Arsenio Saunders,New Zealand,Bayern,VJA62VIP5AC,Varius Ultrices Mauris Incorporated,Kansas,"$9,564.67"
Hanna Dillon,Poland,Podlaskie,IBC29YQO9YC,Egestas Urna Justo Inc.,Midi-Pyrénées,"$1,277.37"
Kieran Dickson,United States,Akwa Ibom,VWL33IJU6CB,Arcu Sed Corporation,Vestfold og Telemark,"$4,344.97"
Iona Rowe,India,Norfolk,LGQ22TFU1JP,Egestas Rhoncus Institute,Balıkesir,"$1,857.16"
Jarrod Rose,Peru,La Rioja,FIW35XBN4LW,Arcu Aliquam PC,Western Australia,"$7,181.89"
Ingrid Puckett,Chile,Waals-Brabant,KDS84TTM4KG,Egestas Nunc Ltd,Connacht,"$3,649.47"
Ella Holcomb,Brazil,North Jeolla,DWU43HJK7IX,Et Magnis Ltd,Northumberland,"$6,710.39"
Keane Villarreal,Costa Rica,Bayern,MJG53SHP2HQ,Quis Industries,Carinthia,"$6,681.26"
Isadora Hartman,Norway,Cauca,CIR32IHL6UC,Dui Nec Industries,Istanbul,"$3,511.10"
Rose Gross,South Africa,Vorarlberg,PGD34JDG6NW,Nec Tempus Corporation,Viken,"$5,146.67"
Slade Lopez,Russian Federation,Oost-Vlaanderen,WVQ58EQX7YP,Tristique Neque Ltd,Benue,"$7,977.53"
Scarlet Carey,Pakistan,Chelyabinsk Oblast,YQR34WVF6KB,Mi Duis Ltd,Southwestern Tagalog Region,"$4,181.29"
Brett Colon,Indonesia,Stockholms län,QED92ENS8BJ,Sed Institute,Idaho,$393.29
Dora Mathews,Vietnam,Lorraine,UVR56PNC8GX,Auctor Velit Eget Ltd,Connacht,"$4,667.74"
Iris Hale,Chile,Östergötlands län,EWU86RRR7VM,Sem Consequat LLC,Chelyabinsk Oblast,"$8,811.31"
Madeson Pitts,Netherlands,Alabama,LKI45DNP4GU,Vivamus Nisi LLP,Caquetá,"$7,217.00"
Desirae Douglas,Italy,Limpopo,DRH63OQS5BZ,Malesuada Id LLP,Sindh,"$8,982.54"
Quail Solis,Norway,Delaware,FJZ81IVK2UC,Urna Suscipit Corp.,Salzburg,"$5,105.78"
Grace Woodard,Australia,New Brunswick,EVM14KCI3WE,Dui Augue Consulting,Liguria,"$4,771.95"
Glenna Yates,Turkey,Burgenland,JUN15PRQ6TO,Lectus Ante Associates,Namen,"$6,112.73"
Jordan Wolf,Brazil,Lower Austria,KHC21DZQ6MB,Ac Corporation,Gauteng,"$3,221.67"
Dalton Salinas,Nigeria,Noord Brabant,UKZ03ILG9KW,Velit Eget Limited,Perthshire,"$2,460.42"
Maxine Morse,Mexico,Araucanía,AIM41EJY2TV,Egestas A LLC,KwaZulu-Natal,"$7,515.14"
Uta Ochoa,Pakistan,Haryana,PUU10HKP9QC,Eget Venenatis Foundation,Utrecht,"$5,814.94"
Jasmine Richards,United Kingdom,Jeju,SLO99MUB0SU,Sagittis Industries,Bretagne,"$5,923.88"
Kareem Vaughan,Norway,Carinthia,KFA20UMJ4ML,Commodo Hendrerit Incorporated,Flevoland,"$3,890.59"
Bryar Harrington,Brazil,National Capital Region,VYF41PFV2BR,Praesent PC,New South Wales,"$3,647.67"
Whoopi Wells,Nigeria,North Island,EKU63UEG4TP,Nam Nulla Corp.,Punjab,"$4,950.46"
Savannah Bryant,Poland,Dalarnas län,QAZ57UJG8MU,Vel Pede Blandit Corporation,North Chungcheong,"$8,696.45"
Carter Fitzgerald,Ireland,Dalarnas län,EBQ74AJR6GW,Quis Lectus Institute,Tasmania,"$4,602.37"
Audrey Dyer,Peru,Alberta,QUF70KLM7CF,Velit Eu LLC,Waals-Brabant,"$3,952.03"
Kevyn Carlson,Netherlands,Ivano-Frankivsk oblast,XCW57ELF4IE,Sed Industries,Friesland,"$4,285.02"
Richard Woodward,Russian Federation,Victoria,EOL80PGV2PF,Molestie LLC,Perthshire,"$9,496.25"
Cullen Frederick,Netherlands,Podkarpackie,JHQ62VVI8UF,Sit Amet Foundation,Bali,"$2,741.36"
Amal Fuller,Belgium,Heredia,NSH54KQP3TW,Malesuada Ut Associates,Overijssel,$62.34
Leila Cantu,Nigeria,North West,UYT43WJT2HS,Euismod Inc.,North Island,"$3,462.07"
Bruce Serrano,Ireland,Nuevo León,YDT89PUG7PD,Dignissim Tempor Industries,Manisa,"$7,139.00"
Jacqueline Hoffman,France,Munster,FRH58HWI5BE,Tempus Scelerisque Industries,Saint Petersburg City,"$9,577.86"
Harlan Fulton,South Korea,Chandigarh,IOL26QWZ1PQ,Urna Justo Corporation,Dōngběi,"$5,250.20"
William Sweeney,Turkey,Sumy oblast,WKL15KNY4XV,Molestie Arcu Sed Corporation,Podlaskie,"$4,213.88"
Brian Rodriquez,Philippines,Principado de Asturias,PTK52ZBH4MI,Lectus Limited,Kharkiv oblast,"$2,710.29"
Garrett Guerrero,Germany,Bursa,GPC55ENC9ZI,Porttitor Tellus Non Company,Donetsk oblast,"$3,943.02"
Alika Ramirez,Poland,Molise,PPG20YZV1MU,Mi Eleifend Associates,Piura,"$9,045.64"
Aiko Buckner,Pakistan,Victoria,PTP67IVH7EV,Ante Ipsum Incorporated,Kogi,"$3,172.52"
Wang Bentley,South Korea,Northumberland,DXQ00JAP0KX,Proin Vel Company,Wielkopolskie,"$9,579.37"
Ignacia Dean,Italy,Kyiv oblast,VJT21LEL4VR,Adipiscing LLC,Northern Territory,"$4,383.27"
Christopher Workman,United States,Zakarpattia oblast,XCJ01KPO4SB,A Neque Nullam Limited,Comunitat Valenciana,$641.17
Fiona Mcleod,Singapore,Eastern Cape,XTI08UCU6SU,Ut Erat PC,North Region,"$6,044.07"
Rowan Griffith,Belgium,Biobío,PVO84SIH6DK,Tincidunt Corporation,South Chungcheong,"$1,791.16"
Cole Barlow,Turkey,Xīnán,HFE56WWK3AP,Vestibulum Mauris Foundation,Ternopil oblast,"$9,764.46"
Cameron Mckay,Sweden,Burgenland,DOZ80LFR8KB,Elementum Lorem Ut Limited,Tây Ninh,$156.12
Hedy Fleming,Vietnam,South Island,CEM83SRG0FS,Lorem Sit Associates,Huádōng,"$4,597.72"
Emmanuel Good,Brazil,Marche,VHS09TGI5GW,Odio Etiam LLP,Zeeland,"$8,706.91"
Randall Roth,Belgium,Heredia,UZV67ZJX8HD,Litora Torquent Foundation,Cordillera Administrative Region,"$1,498.21"
Ira Yang,Australia,Volgograd Oblast,NZP22JSS3AE,Aenean Eget Industries,Puno,"$8,808.66"
Aurora Benton,Poland,Aisén,ALY71OVU8BQ,Ornare Ltd,Phú Yên,"$1,355.94"
Beatrice Kirby,Philippines,Alsace,DQJ84IES0TR,Lectus Corporation,Møre og Romsdal,"$6,364.25"
Lionel Williams,Peru,Opolskie,IAN96RYI4TZ,Nunc Laoreet Lectus Ltd,Arunachal Pradesh,"$2,016.03"
Latifah Bray,Netherlands,Emilia-Romagna,ELF32CJE2FO,Sem Semper Erat Ltd,Eastern Visayas,"$9,925.51"
Amena Hicks,Costa Rica,Coahuila,MQH33RWW9MM,Aliquet Proin Foundation,Huádōng,"$3,279.26"
Rhona Austin,Vietnam,Khyber Pakhtoonkhwa,FMU14PUN3VD,Habitant Ltd,Poitou-Charentes,$441.13
Uriel Elliott,Nigeria,Coquimbo,ULC43WXW2SW,Lorem Fringilla Ltd,Chihuahua,"$1,776.36"
Lara Rose,Russian Federation,Renfrewshire,SWU14UNI6JO,Sapien Cras Corp.,Inverness-shire,"$8,240.98"
Hiram Sosa,Italy,Dōngběi,VLM90QGB7WB,Quisque Libero Institute,Cundinamarca,"$8,639.08"
Isaiah Moses,Nigeria,North Chungcheong,WWY36PZG6FO,Elit Institute,Basilicata,"$2,704.39"
Rajah David,Colombia,Catalunya,TXT30KIE1TO,Adipiscing Lacus Associates,Castilla y León,"$3,954.95"
Armando Hunt,Vietnam,Rogaland,BMJ44SFJ9DK,Odio Semper Industries,Emilia-Romagna,"$9,509.13"
Florence Little,New Zealand,Sardegna,YSP37OXO1TA,Mauris Elit Dictum Limited,Upper Austria,$812.31
Rebekah Browning,Belgium,Limpopo,UQY57VLT5II,Eu Dui Associates,Sucre,"$2,156.10"
Zoe Harrison,Brazil,Coquimbo,OHD99EEG2CJ,Per Conubia Nostra Ltd,Valparaíso,"$3,723.12"
Brenden Crawford,United States,Paraíba,MPK81PJG5ZJ,Tincidunt Neque Foundation,Zhytomyr oblast,"$2,989.01"
Emerson Miles,Germany,North Island,QCH41QUM1IY,Est Mauris Corporation,South Jeolla,"$8,465.42"
Cain Terrell,France,Punjab,ZPH62WFF5SO,Aliquam Arcu Foundation,Swiętokrzyskie,"$3,839.10"
Fallon Flores,Australia,Banten,TXJ42VEY1HS,Primis In Institute,Araucanía,"$5,454.60"
Azalia Alvarado,Peru,Overijssel,WLL53HAJ7WD,Urna Justo Institute,North Island,"$5,433.80"
Bradley Dominguez,United States,East Region,AKS45YNX6UH,Parturient Montes Nascetur Corporation,Coahuila,"$5,988.19"
Moses Burton,Russian Federation,Limpopo,IFK12FEO5PT,Vehicula Associates,North Gyeongsang,"$3,781.90"
Kelsey Velez,Pakistan,North West,DRT53WXN3WF,Nibh Quisque Corp.,Tuyên Quang,"$8,842.38"
Marshall Rogers,Mexico,Dōngběi,GMZ86SEN2JN,Et Magna Praesent LLC,Quindío,"$7,654.44"
Chadwick Randall,Austria,Rostov Oblast,SZO55RSI8LQ,A Dui Limited,Kemerovo Oblast,"$7,904.84"
Sheila Daniels,Pakistan,Queensland,BTQ04GJR0CN,Orci Ltd,Bahia,"$6,070.23"
Lane Love,India,Khyber Pakhtoonkhwa,DUI47CPC2BB,Ac Risus Morbi LLP,Maranhão,"$7,169.89"
Jamalia Watts,New Zealand,Vestfold og Telemark,TKN13LVP7JQ,Non Sapien Incorporated,Leinster,"$4,637.42"
Callie Mckay,Australia,Mpumalanga,QEI53WWU3KM,Sociis Natoque Ltd,Khyber Pakhtoonkhwa,"$1,660.60"
Kristen Pena,China,North West,JOA28GPO0OT,Ante Iaculis Institute,Central Sulawesi,"$8,161.13"
Lacy Swanson,Turkey,Midi-Pyrénées,TOA13EPO8UE,Et Ipsum Cursus Corporation,Waals-Brabant,"$7,095.70"
Tad Mills,Peru,La Rioja,MMK37TES6VJ,Tristique Ac Industries,Los Ríos,"$8,418.37"
Guinevere Irwin,South Africa,Northern Cape,SBX53OMR2CV,Natoque Incorporated,Hampshire,$820.56
Kameko Ortega,Belgium,Mecklenburg-Vorpommern,STP51DBH3DI,Scelerisque Neque Ltd,Extremadura,"$5,050.47"
Reece Hardy,France,Västra Götalands län,THF91KUB7RH,Lobortis Tellus PC,Guanacaste,"$2,168.60"
Linda Hatfield,Nigeria,Troms og Finnmark,BYM02ECE5XN,Cum Sociis Natoque Corp.,Östergötlands län,$642.47
Denise Herman,Sweden,Lambayeque,BWR37WUR8BU,Fusce Mi Associates,Trøndelag,"$9,544.11"
Barrett Weeks,Austria,Limousin,BME11ITK6HD,Dui Cum Sociis Corporation,East Region,"$1,553.00"
Dana Mcgee,Australia,Heredia,YUL31CSF2KX,Sem Associates,Zhōngnán,"$1,423.52"
Tanner Jones,Spain,Xīběi,XNT68OWC1BU,A Ultricies Institute,Kocaeli,"$7,972.58"
Hilel Ingram,India,Pondicherry,MUL30MMO4FS,Eu Neque Ltd,Goiás,"$1,571.66"
Hilda Simpson,Vietnam,Dalarnas län,WDH61PCS1WC,Vulputate Inc.,Central Visayas,"$7,498.77"
Victoria Fulton,Canada,Gilgit Baltistan,XTN66VFR4OV,Ultrices Duis Inc.,Tamil Nadu,"$3,973.56"
Autumn Holmes,France,Delta,YSO66PAO8QE,Duis LLP,California,"$6,621.26"
Paki Blanchard,Germany,Nunavut,CQZ31QVX6UX,Non Egestas A Corp.,Haute-Normandie,$917.48
Omar Clark,Singapore,North Gyeongsang,HHN88OEB5YB,Diam Vel PC,Dalarnas län,"$4,583.09"
Alyssa Huff,Australia,Namen,VFM45RPT7OR,Consequat Nec Ltd,Khyber Pakhtoonkhwa,"$8,353.63"
Abra Sloan,Russian Federation,Rio de Janeiro,BPW05TOH4MJ,Eros Non Corporation,San Andrés y Providencia,"$8,008.80"
Stone Wilcox,United Kingdom,North Region,SWL20EMP3SQ,Neque Inc.,Araucanía,"$3,706.64"
Mara Garner,Spain,South Jeolla,NEK06JHE6RT,Fusce Aliquam Inc.,La Libertad,"$4,890.60"
Rafael O'donnell,France,łódzkie,NSX85QLT7VD,Massa Limited,Vaupés,"$4,616.10"
Abigail Hodge,Spain,Stockholms län,ERF23CPW2HK,Quis Massa Ltd,Kiên Giang,$387.17
Noah Herman,Belgium,Zhōngnán,EEM16OJZ0RC,Vel Arcu Consulting,Yukon,"$9,608.09"
Quentin Meyer,South Korea,Tarapacá,IKD19OLS4EH,Est Mauris Corporation,Leinster,"$3,317.74"
Mallory Boyle,Austria,Limón,VMY62KPS0BR,Donec Fringilla PC,Donetsk oblast,"$4,671.34"
Solomon Coffey,Singapore,Västra Götalands län,MFR52TGL8XO,Nunc Limited,South Island,"$2,778.25"
Rogan Doyle,Italy,Saarland,CGP36ILU1RJ,Ut PC,Västra Götalands län,"$8,036.52"
Flynn Brock,France,Papua,MHS64CAJ6HS,Diam Dictum Corp.,Benue,"$4,655.17"
Brock Brady,Indonesia,Vladimir Oblast,LYO32FGQ5PT,Diam Sed Incorporated,South Gyeongsang,$456.03
Mechelle Finley,Chile,Michigan,LWH86KBG5IZ,Rutrum Magna Cras LLP,Antofagasta,"$6,604.86"
Leila Everett,Indonesia,Van,GYY44BZB2EG,Lectus Industries,Central Java,"$8,023.29"
September Rosario,Costa Rica,Australian Capital Territory,LWK11JIO3AX,Molestie Pharetra Nibh Corporation,North West,"$7,655.70"
Petra Rios,France,Murcia,CFH27LFD6SC,Ut Pharetra Ltd,Hòa Bình,"$9,681.51"
Uma Boyd,Russian Federation,Emilia-Romagna,XLB60JLG7XE,Ornare Ltd,Northern Cape,"$3,318.97"
Tasha Crosby,China,West-Vlaanderen,CVB26JFS6NI,Sodales Nisi PC,Osun,"$6,804.85"
Debra Ward,Ukraine,Western Cape,GUP26DEF1DD,Luctus Ltd,Oslo,"$8,656.05"
Zachery Walsh,Mexico,Sinaloa,UVI74YQQ2IG,Ipsum LLP,Västra Götalands län,"$5,356.68"
Xavier Dudley,France,Lazio,ZMI19UHG6HS,Pede Cras Institute,Lubelskie,"$6,476.37"
Hilda Cantu,Belgium,Jönköpings län,HYD53YQU5KF,Mollis Nec Cursus Limited,Konya,"$3,325.45"
Zenia Dennis,Nigeria,Ancash,YSF49RCI9ZQ,Ultrices Mauris Institute,Trøndelag,"$6,710.08"
Keegan Tyler,United Kingdom,Northern Mindanao,URK24ZJH3QR,Donec Inc.,Podkarpackie,"$6,722.35"
Lane Austin,Belgium,Berkshire,MPL21ISH3QO,Aenean Sed Foundation,Santa Catarina,$241.51
Phillip Spencer,Pakistan,Connacht,ARQ56VPL7BG,Egestas A Dui Institute,Mizoram,"$9,032.08"
Aileen Horne,Nigeria,Xīnán,XGV70GPH1PQ,Aliquam Ultrices Incorporated,Troms og Finnmark,"$6,430.46"
Keely Pickett,China,Montana,BOC04KSY6TH,Imperdiet Ornare In LLC,Principado de Asturias,"$7,278.61"
Jorden Rojas,Costa Rica,KwaZulu-Natal,QTM02GDZ2FC,Duis Elementum Consulting,Northern Mindanao,$760.06
Mercedes Stout,Belgium,Connacht,MMH16YST9SK,Metus In Ltd,Nunavut,"$8,768.53"
Zachary Ware,Peru,Guanacaste,RIU16MQW6KV,Sed Facilisis Vitae Company,Central Luzon,"$1,034.67"
Roanna Galloway,Australia,Gelderland,BRK26QOL2DX,Nisi A Ltd,Carinthia,$203.06
Oliver Pate,Ukraine,Querétaro,BCE23FRY4YH,Dapibus Foundation,Maranhão,"$9,606.72"
Kay Todd,Spain,Aisén,EUJ47SJD8GR,Vivamus Euismod Urna Ltd,Adana,"$4,252.78"
Reagan Chavez,China,Magdalena,FCH31ZEC4CT,Dignissim Lacus Incorporated,Leinster,"$1,300.71"
Dustin Mccarthy,South Africa,North Gyeongsang,SXP28ENT6XY,Facilisis Inc.,South Island,"$5,777.06"
Noelle Hamilton,Indonesia,North Island,FIF64QKW6ZB,Parturient Montes Industries,Kansas,"$3,436.89"
Marny Chapman,Austria,Veracruz,JUM27GHW4RK,Curabitur Incorporated,Upper Austria,"$7,151.18"
Noelani Summers,New Zealand,Katsina,OOR68KVV4JR,Tincidunt Vehicula Risus Foundation,Munster,"$8,842.17"
Blake Carson,Spain,Bourgogne,XQO30CRJ1KB,Ornare Tortor Corp.,Manisa,"$9,086.64"
Christine Dejesus,Ukraine,Hatay,NTX47XPE3OD,Augue Scelerisque Corp.,Aragón,"$2,957.55"
Noel Cohen,Turkey,Bengkulu,QSR83SOV2RY,Sed Associates,Antwerpen,"$4,934.90"
Sara Haley,Canada,Uttarakhand,QDE68WFX6XP,In Felis PC,Provence-Alpes-Côte d'Azur,"$3,479.62"
Maryam Mccarthy,Peru,Corse,HEZ82IPN5TP,Eros Incorporated,Sokoto,"$7,329.92"
Cherokee Foster,Colombia,South Island,WPM23VBE1FA,Enim Sed Limited,Gilgit Baltistan,"$8,781.38"
Zoe Boyer,Austria,Oryol Oblast,MKR54ISA6JW,Imperdiet Nec Industries,Australian Capital Territory,$673.27
Dorothy Carpenter,Philippines,Sardegna,MDQ86GSQ2RD,Non Foundation,Hamburg,"$4,331.15"
Quynn Graves,Pakistan,Podkarpackie,SND03PDC9JG,Elit Elit Ltd,Sardegna,"$9,414.47"
Imogene Padilla,Indonesia,Huáběi,LVO36MXD3OW,Fusce Fermentum LLP,Pays de la Loire,"$8,045.63"
Fletcher Diaz,Chile,Castilla - La Mancha,MPN11ULY5DX,Diam Institute,Bengkulu,"$7,552.73"
Yuli Dixon,Sweden,Pernambuco,RVM85OJW3GQ,Proin Company,Connacht,"$6,858.54"
Ava Sanchez,Mexico,Balochistan,FOI27IBL2NE,Semper Cursus PC,Nordrhein-Westphalen,"$9,752.95"
Yuli Sherman,Ireland,Donetsk oblast,VRT83RKE6UV,Quis PC,Saskatchewan,"$3,908.41"
Ainsley Davidson,France,Niedersachsen,NAL87BAR7HQ,Et Rutrum LLC,Lâm Đồng,"$9,978.87"
Natalie Campbell,Canada,Toscana,NGA24AMU8IW,Ipsum Cursus Vestibulum Institute,Saint Petersburg City,"$1,854.57"
Simon Barker,United States,Odessa oblast,MUG24ZII5HO,Senectus Et Netus Incorporated,Hessen,"$8,819.76"
Juliet Rowland,Germany,Troms og Finnmark,UIB84IIS8VW,Elit Etiam PC,Santa Catarina,"$5,744.98"
Prescott Newman,United States,Vorarlberg,WEY26YRK8GL,Quam Dignissim PC,Boyacá,"$5,495.56"
Derek Sargent,Pakistan,Auvergne,JTM76GKT4VY,Ut Mi Duis Foundation,KwaZulu-Natal,"$4,224.98"
Ramona Hobbs,Norway,Sicilia,SHY99GSE9MF,Turpis Egestas Aliquam Associates,Innlandet,"$4,965.14"
Garth Burgess,Turkey,Iowa,VBS83PRX5XS,Eget Nisi Dictum LLP,West Bengal,"$9,418.38"
Geoffrey Stanton,Brazil,Antwerpen,LYS79POR8HT,Malesuada Id Corp.,West Region,"$9,941.43"
Risa Pate,United Kingdom,Puglia,IFE70CZO2GO,Vivamus Non Lorem Industries,FATA,"$9,254.74"
Chelsea Duffy,Norway,Mpumalanga,XJD52BVO2GM,Mauris Vel Turpis Foundation,Sucre,$265.97
Anthony Cash,Colombia,Mazowieckie,FRF32OJV7VQ,Euismod Urna Ltd,Worcestershire,"$2,064.02"
Elijah Horn,Poland,Maule,WXI08DPL2FS,Ante Ipsum Associates,Limpopo,"$9,263.30"
Callum Bradley,Ukraine,South Australia,PEG89JOQ1ZI,Curabitur Consulting,Vĩnh Phúc,"$7,200.95"
Yuli Bradley,Austria,Sikkim,FFX14WZD1NE,Vivamus LLP,KwaZulu-Natal,"$6,394.10"
Malachi Mckee,New Zealand,Tabasco,QEE06DKM3NN,Curabitur Vel Lectus Company,Quảng Ninh,"$9,940.46"
Berk Osborn,Indonesia,Bangka Belitung Islands,UNN41EAK6TZ,Sit Amet LLC,Puno,"$1,164.99"
Sharon Osborn,Vietnam,Namen,URJ49MMX3QU,Tellus Corp.,Oslo,"$3,650.72"
Simon Moore,United States,Bangsamoro,BDA34EYH2GD,Sed Dui Incorporated,Borno,"$6,423.04"
Buckminster Campbell,Singapore,Xīběi,CKT64PBU0DB,Cursus In PC,South Island,"$2,001.14"
Nina Gillespie,Nigeria,Picardie,PXB66PNY4ZD,Curae Phasellus Ornare Industries,Jönköpings län,"$6,435.30"
Melinda Caldwell,Austria,Colorado,JYM80NJY9EG,Vivamus PC,Ternopil oblast,"$2,104.14"
Shaine Glover,Australia,North Jeolla,WEI32NIK1CF,Nulla Facilisis Suspendisse Company,Nordrhein-Westphalen,"$3,396.70"
Shelly Coleman,South Africa,Norte de Santander,TUW45IUJ6WP,Id Blandit Corp.,New South Wales,"$9,078.48"
Leo Daniels,Pakistan,Northern Territory,ANW46NOM1WS,Eu Eleifend PC,Benue,"$8,782.35"
Alyssa Sims,Germany,Los Ríos,IGO48XNW5FS,Mi Aliquam Associates,Bremen,$953.98
Emerald Salazar,Chile,Lima,CSR63AUL3YO,Tellus Foundation,Southeast Sulawesi,"$1,522.26"
Suki Joseph,Poland,Västra Götalands län,DMK11QTK7UV,Erat Volutpat Nulla LLC,Kano,"$3,419.98"
Kay Deleon,Germany,Nordland,DVE84GRK7BQ,Sed Est Nunc Corporation,Poltava oblast,"$8,467.75"
Harding Bartlett,Russian Federation,Cartago,ZVK66EML4SS,Integer Eu Limited,Balıkesir,"$7,587.89"
Mariko Eaton,Germany,Kentucky,EOR72WKD8QD,Tempor Erat Foundation,Loreto,"$2,338.50"
Christine Marshall,China,Lviv oblast,XWH25GFX1GE,Non Ltd,Marche,"$8,656.87"
Idona Shaffer,Ukraine,Central Region,MUN63NFJ5BO,Mollis Nec Corp.,Valparaíso,"$2,760.15"
Maxine Spears,Ireland,FATA,DVW08GZU4QX,Nec Urna Industries,Jeju,"$8,403.64"
Georgia Durham,Chile,South Island,SPY59AHO8XG,Molestie Arcu Associates,Puntarenas,$113.80
Owen Morris,Vietnam,Aceh,HGY74QMD2TK,Et Ultrices Associates,North West,"$6,938.13"
Samuel Hull,South Africa,South Island,RCZ93TIZ3JC,Vel Convallis Consulting,Tarapacá,"$5,581.66"
Amena Walsh,United Kingdom,Gyeonggi,ZPM19UEN8VN,Fringilla Est Institute,Calabria,"$2,727.92"
Alden Ewing,Singapore,Gävleborgs län,UXK04EGJ1SM,Nullam Scelerisque PC,Gelderland,"$4,126.91"
Moses Hayden,Netherlands,Munster,STD50EYG0FD,Placerat Eget Corp.,North-East Region,"$4,048.43"
Ulric Moon,India,South Island,YPI88MBS8CW,Feugiat Lorem Ltd,Gilgit Baltistan,"$6,955.78"
Xenos O'brien,Belgium,Monmouthshire,HOB49NNI5AT,At Auctor Ltd,O'Higgins,"$3,463.35"
Amber Jacobson,Ireland,Leinster,LJI74TOR5AB,Duis A Institute,Zuid Holland,"$7,117.96"
Laith Joyce,Ukraine,São Paulo,PEN33ZFV6WN,Erat Volutpat Ltd,Luhansk oblast,"$2,936.21"
Lisandra Berg,Mexico,Innlandet,UXW80VLB1SX,Varius Orci In Incorporated,Euskadi,"$7,943.56"
India Stephens,Belgium,Aragón,YXI68HEM6OD,Nunc Foundation,Bangka Belitung Islands,"$2,007.68"
Bethany Hendrix,France,Eastern Cape,KKW24UMW0CF,In Consequat PC,Australian Capital Territory,"$7,210.37"
Alfonso Serrano,Ukraine,Jalisco,SNF36XVD3LP,Eu Dolor Egestas Associates,Coquimbo,"$1,079.63"
Kessie Ford,Austria,Lombardia,VEM45JUM1GM,Consectetuer PC,Central Region,$194.09
Ezra Atkinson,South Africa,Lambayeque,NLK14AVX2KI,Non Lacinia At Institute,North Island,"$6,728.87"
Demetrius Beach,China,Xīnán,IFN01HLR3EW,Dignissim Inc.,North Kalimantan,$512.12
Aiko May,Sweden,South Island,OYL53MHV7GQ,Convallis Corporation,Vestland,"$1,612.82"
Uta Ayers,Costa Rica,Nuevo León,WQM18SRP2YD,Arcu Eu Odio Corporation,Dolnośląskie,$715.33
Camden Donovan,Turkey,La Libertad,ZEI38RMU7PC,Aenean PC,Tripura,"$1,850.47"
Abbot Myers,Sweden,Pará,BET97SYF8KB,Dictum Proin PC,Nghệ An,"$6,488.98"
Clio Valentine,Germany,Araucanía,PVP42GFL3EB,Donec Porttitor LLC,Gia Lai,"$4,430.18"
Lee Beach,New Zealand,Dōngběi,OXC74RFR3HE,Varius Associates,Irkutsk Oblast,"$4,263.18"
Ila Joyce,Mexico,Virginia,XPM08CMR2ER,Mi Institute,Euskadi,"$9,490.63"
Garrison Vaughan,Norway,Languedoc-Roussillon,NAH81WXD7VP,Volutpat Nulla Associates,Queensland,"$5,150.31"
Leilani Daniels,Poland,Balıkesir,ZCW45KDA8UX,Feugiat Placerat Velit Corp.,Rio Grande do Sul,"$9,664.44"
August Melendez,Nigeria,Leinster,QTD27JKA9PS,Porta LLC,Radnorshire,"$7,132.57"
Naida Ford,Spain,Drenthe,FIN55GRX3PX,Enim Consequat Inc.,Lâm Đồng,"$8,040.48"
Remedios Mullins,Vietnam,Mississippi,YPF51KPL3QO,Non Ante Associates,Irkutsk Oblast,"$4,610.45"
Jameson Neal,New Zealand,Stockholms län,BHT22GHS0TQ,Mauris Ut Institute,Ontario,"$5,839.25"
Prescott Rollins,Brazil,Andalucía,WIT68FGY0VM,Libero Est Congue Industries,Jönköpings län,"$5,697.45"
Aurelia Stark,Spain,Arequipa,FDG28NQD7YX,Posuere LLP,O'Higgins,"$1,409.95"
Jillian Cole,Pakistan,Vladimir Oblast,MWL44VYU2UV,Ridiculus LLC,Zeeland,"$6,497.49"
Stone Miles,Peru,Ulyanovsk Oblast,ADI21JCQ6HS,Non Enim LLC,Comunitat Valenciana,"$6,263.37"
Melyssa Travis,Norway,Huádōng,DIS63OIV1LI,Volutpat Ornare Facilisis Industries,Şanlıurfa,"$3,803.33"
Ralph Stephenson,Pakistan,Ancash,FRF55HZI9SD,Et Commodo Ltd,Free State,"$1,766.96"
Rhona Dominguez,Italy,Gilgit Baltistan,BCE86QBE0MJ,Euismod In Dolor Consulting,North West,$797.48
Lenore Dodson,France,Central Region,IHO96UFL7OP,Integer Corporation,Khyber Pakhtoonkhwa,"$8,098.75"
Chava Case,India,North Island,KXI11MOR7QN,Massa Quisque Porttitor Institute,Lâm Đồng,$102.81
Lydia Norton,Spain,Dōngběi,IIJ55DNQ4XE,Magna Limited,Vestfold og Telemark,"$4,032.60"
Karly Burris,Australia,Bali,DRV62WOH7YH,Nulla Facilisi Corp.,Drenthe,"$2,579.10"
Levi Conner,China,Stockholms län,JKB82CCN6YP,Arcu Nunc LLP,Goa,"$5,584.81"
Jennifer Holder,Ukraine,Georgia,EGT73YXO3BV,Curae Donec Associates,Basse-Normandie,$496.24
Cameran Floyd,France,Odisha,WPL85KBP9HH,Sagittis Corp.,South Kalimantan,"$6,633.04"
Lucas Winters,Brazil,Piemonte,UII53YJV2BO,Ac Ipsum Consulting,Illinois,"$5,560.48"
Thor Sanders,Ukraine,South Island,KPH24KLN0RX,Facilisis Magna Institute,Buckinghamshire,"$5,122.73"
Cedric Gillespie,Chile,Leinster,KEG75VFW6TK,Nulla Eget Metus Incorporated,Lower Austria,"$2,814.93"
Merrill Rojas,Nigeria,Burgenland,VTN22TFR0PU,Fusce Company,Western Visayas,"$8,485.16"
Candice Murray,Sweden,North-East Region,WEL41RPL2UN,Pellentesque A PC,Santa Catarina,"$7,884.31"
Eagan Paul,United States,Ancash,RFF08IUL8QV,Praesent Luctus Inc.,Castilla - La Mancha,"$2,800.95"
Victor Richmond,Peru,North Jeolla,WKD29ENW3RD,Diam Vel LLP,Ceará,"$1,438.14"
Martina Humphrey,South Korea,New South Wales,QFI53ZBB6NG,Fusce Aliquam Foundation,Liguria,"$7,175.18"
Colton Norris,Norway,Munster,FFP84PFD4IV,Pede LLP,Coahuila,$210.39
Stone Frazier,Norway,Cornwall,XKL65GED2QG,Ipsum Dolor Sit Limited,Central Luzon,"$7,728.56"
Lewis Morse,Philippines,Huáběi,VDJ15EEN2XJ,Leo Vivamus Nibh Corp.,Nordland,"$4,484.98"
Sacha Schwartz,Turkey,Magadan Oblast,VFQ38PMR9GJ,Arcu Vestibulum Ltd,Kiên Giang,"$2,333.85"
Martin Bradford,France,Leningrad Oblast,LWI45RRW4CK,Vulputate LLP,Franche-Comté,"$5,742.20"
Britanni Maddox,United States,Östergötlands län,TQD36YLN3VE,Auctor Consulting,Nova Scotia,"$6,182.53"
Leah Lewis,South Korea,Nunavut,BUV42LWZ7QH,Et Company,Campania,"$2,938.69"
Orlando Moreno,Pakistan,Kyiv oblast,LJC83GLP5AB,Ac Metus Vitae PC,Munster,"$9,920.05"
Francesca Lewis,Indonesia,Lakshadweep,ECS86KMS7WY,Arcu Aliquam Ultrices Industries,Leinster,"$6,892.17"
Ruth Richards,China,Brussels Hoofdstedelijk Gewest,MZY25IOU7FM,Lacus Aliquam Institute,Saarland,"$4,783.09"
Amanda Mathis,Austria,Jönköpings län,DBB16EHM3BX,Nunc Ut LLC,Podlaskie,"$8,139.46"
Kellie Noel,Colombia,Southwestern Tagalog Region,GHP51EWV1UT,Nec Corp.,East Region,"$7,227.23"
Daphne Castillo,Austria,Trentino-Alto Adige,MCL27EPW8LF,Velit Sed Foundation,Noord Brabant,"$2,060.26"
Lane Gould,Ukraine,Gauteng,EFH99RSZ2QH,Mauris Limited,Bangsamoro,"$7,993.19"
Otto Suarez,Mexico,Agder,BIY17YDP3SP,Varius Inc.,Hamburg,"$7,406.11"
Jasmine Heath,Pakistan,Limousin,JWX17MNV2WC,Molestie Corporation,South Gyeongsang,"$7,667.69"
Chadwick Stark,Germany,Loreto,GTR78ANT7FA,Risus Duis LLC,Warmińsko-mazurskie,"$2,718.99"
Jolene Griffith,Mexico,Rivne oblast,NGX82VQD5CI,Velit Egestas LLC,South Island,"$1,257.06"
Kimberley Deleon,Colombia,Central Visayas,ELF66SMY4YJ,Eleifend Nunc Institute,Heredia,"$2,826.38"
Ursa Alston,Mexico,Lorraine,UXI47WBF3HT,Curabitur Industries,Western Cape,"$3,371.68"
Jayme Nelson,Canada,Basilicata,FUC21EME4ZM,Nulla Semper Industries,North Island,"$4,710.85"
Aurelia Santiago,France,Kherson oblast,LHI93DCB5OM,Proin Incorporated,Southeast Sulawesi,"$6,816.88"
Autumn Talley,Australia,North Gyeongsang,BVP58FTI1WM,Pede Ac Urna Corp.,Đắk Lắk,"$8,048.42"
Jade Aguirre,Nigeria,Khyber Pakhtoonkhwa,RTL17VCM4VH,Rutrum Magna Cras Incorporated,Troms og Finnmark,"$9,919.30"
Chantale Callahan,Mexico,Jönköpings län,OTU82HIF8ZW,Suscipit Est Corporation,Guanacaste,"$9,387.98"
Nerea Salinas,Ukraine,Hamburg,WBI56YYW4CN,Non Enim Commodo PC,Paraíba,"$8,153.48"
Fallon Dodson,Netherlands,Wyoming,KHD79NZE0TC,Sagittis Industries,łódzkie,"$5,213.79"
Ahmed Potts,Vietnam,Agder,QPA80STR1OH,Curabitur Egestas Nunc LLP,Niedersachsen,"$4,048.47"
Shafira Baird,South Africa,Ancash,EMW81BFM2LA,Sed Sapien LLC,Ulster,"$3,066.79"
Gil Walters,Ukraine,Galicia,DFR12YPV3DB,Natoque Penatibus Et Institute,Chhattisgarh,"$7,277.11"
Tate Levy,Pakistan,Karnataka,JVO61BEM8MW,Ligula Aenean Foundation,Putumayo,"$5,806.76"
Jacob Rutledge,Colombia,Northern Cape,PJR92RIJ7HM,Lorem Fringilla Ornare Foundation,South Jeolla,"$3,015.42"
Cooper Sanders,Vietnam,Worcestershire,YXH85EXC0EI,In At Limited,Caraga,$873.74
Rajah Mack,Russian Federation,Vestfold og Telemark,OXJ87YSF3EF,Turpis Nulla Aliquet Incorporated,Balochistan,"$5,294.69"
Dora Justice,Norway,Westmorland,VJH81XRL2DA,Ultrices Sit Ltd,Munster,"$9,392.94"
Katell Rosa,Indonesia,Katsina,BQL79XDY6YN,Id Inc.,Amur Oblast,"$7,697.47"
Carissa Small,Brazil,Centre,GBT66FGZ2MW,Diam Institute,Canarias,"$5,359.93"
Kirk Owens,Philippines,Jeju,IMS48IGV6FN,Dolor Vitae Associates,Ontario,"$5,237.08"
Phyllis Hudson,Costa Rica,Nordrhein-Westphalen,CPL46ESB8GL,Sapien Aenean Corp.,Murcia,"$9,539.05"
Piper Kinney,India,Principado de Asturias,PHR38RXW5ID,Montes Limited,North Island,"$1,336.89"
Gareth Mendez,Indonesia,Limousin,CYS16DYQ6DS,Rhoncus Incorporated,Quebec,"$2,535.38"
Burke Cruz,Italy,La Rioja,TRJ13ZFP5CE,Ante Vivamus Consulting,Utrecht,$847.23
Damon Vazquez,Peru,Paraíba,EFX00AEI2UB,Magnis Inc.,Overijssel,"$8,113.00"
Shelby Taylor,Poland,Gia Lai,XHH51MCE0WI,Sed Dictum Foundation,Alajuela,"$3,351.36"
Blaze Cooley,Turkey,Central Region,AHV58QKD2HC,Suspendisse Corp.,Marche,"$7,423.34"
Hu Chang,Nigeria,Bahia,CMD16IUY4IE,Non Ltd,South Island,"$2,924.55"
Eric Ashley,Brazil,Xīběi,CWL13IFO7DT,Nec Cursus LLC,Azad Kashmir,"$4,046.87"
Duncan Stevenson,Brazil,Biobío,CKN13NDD2NK,Cum Sociis Natoque Institute,Vĩnh Phúc,"$2,586.36"
Perry Andrews,Costa Rica,Cartago,JAS65PXO5FP,Nec Ligula Inc.,Limpopo,"$6,441.81"
Bert Moreno,Australia,North Island,HBS02HLH4SV,Mauris PC,Kursk Oblast,"$6,535.51"
Idona Mooney,China,Cherkasy oblast,GPW67KRX4RT,Eu Erat Associates,Umbria,"$6,653.18"
Isabella Fuentes,Pakistan,Odisha,XXO81HNV3GK,Augue Eu Tempor Corp.,Missouri,$169.72
Jillian Ward,Russian Federation,Västra Götalands län,FGP45LEM8ZM,Tempor Augue Ac Foundation,Nuevo León,$64.81
Shaine Fulton,Canada,Central Region,QMG37DXL5OG,In Molestie Tortor Ltd,Saint Petersburg City,$316.77
Mary Chandler,France,Huáběi,GLS44NOU5VB,Donec Incorporated,Swiętokrzyskie,"$9,868.59"
Teegan Grimes,Singapore,Jeju,UJW63FVT6BV,Posuere Vulputate Ltd,łódzkie,"$8,799.85"
Laurel Price,Russian Federation,Western Cape,CMT72GCQ6IS,Sollicitudin Corp.,South Island,"$5,408.01"
Omar Hodge,Pakistan,Leinster,CPF11BFW7AY,Habitant Morbi PC,North Island,"$2,110.95"
Idola Larsen,Austria,Konya,LWV89IKW4XW,Placerat Orci LLP,Vorarlberg,"$9,375.14"
Wilma Chaney,India,Saskatchewan,EDU25HLX8VY,Pede Cum Sociis Corp.,Goiás,"$7,642.59"
Conan Donovan,Spain,Burgenland,KFC47SPV0OM,Lacinia Mattis Inc.,South Island,"$1,134.45"
Chancellor Mullen,Chile,North Region,WRU24CFB6AM,Lectus Inc.,Ulster,"$7,671.38"
Florence Sutton,United Kingdom,Navarra,DYQ72MXF1MF,Aliquet Vel Corporation,Paraná,"$5,295.77"
Palmer Rivas,Spain,Sevastopol City,PVI02KLC6QC,Donec Feugiat Metus Institute,Ternopil oblast,"$9,976.04"
Jelani Harrell,Peru,Ryazan Oblast,OGS13BSE8EY,Feugiat Placerat Velit Limited,Querétaro,$857.88
Tyrone Roberts,Indonesia,Lampung,JPR54CAU7RH,Magna PC,Principado de Asturias,"$9,996.73"
Lane Brock,South Korea,Opolskie,CDT72VTY8KN,Aliquam Iaculis PC,Vladimir Oblast,"$5,462.55"
Jasmine Lawson,Russian Federation,Huáběi,VGL79RVW9VB,Sed Foundation,Lombardia,"$7,542.92"
Wallace Ferrell,Germany,Jönköpings län,YHV31BYU3NF,Fusce Dolor Industries,Tasmania,"$4,035.56"
Gray Howe,Vietnam,Niger,SDQ83TSU2XJ,Ultrices Vivamus Industries,Troms og Finnmark,"$7,305.21"
Justine May,Netherlands,Kujawsko-pomorskie,HKL00RRD2NB,Augue Eu Tempor Ltd,Emilia-Romagna,"$5,585.96"
Cooper Mason,France,North Sumatra,XZJ28OQW6GD,Felis Nulla Industries,Huila,"$6,904.10"
Chaney Oneal,New Zealand,KwaZulu-Natal,FVY68LIU6TD,Sem Mollis Company,Risaralda,"$2,984.03"
Keelie Fuentes,Chile,South Australia,WCY76JJO6QG,Pellentesque Sed Limited,West Region,"$5,340.21"
Preston Mcconnell,Mexico,British Columbia,VBQ81ZES0JM,Consectetuer Inc.,Putumayo,"$4,852.16"
Keegan Burton,Ukraine,Western Cape,SEC79CAO4MV,Nec Inc.,Ilocos Region,"$5,382.63"
Joan Hogan,South Africa,Limpopo,BJD46LXN4VR,Laoreet Libero Et Inc.,North Jeolla,"$2,381.52"
Deborah Foster,Nigeria,North-East Region,HLL65AJL1FK,At Pretium Aliquet Corporation,North Chungcheong,"$7,487.69"
Jorden Carrillo,New Zealand,Central Luzon,HLE19MKI4LF,Nec Ligula Consectetuer Corporation,Aragón,"$5,273.39"
Adrian Terry,Turkey,Waals-Brabant,WZS42AMU4EG,Diam Corporation,Vestland,"$7,167.00"
Emery Parsons,Norway,Quebec,GUQ17TEM8VY,Nec Euismod Ltd,Bayern,"$7,670.77"
Uta Fleming,Belgium,North-East Region,TUT28IBB8RD,Ac Risus Corp.,Somerset,"$8,652.16"
Cassady Kramer,Netherlands,North Island,EFA59UVX4YL,Ac Feugiat Non Industries,Sindh,"$2,350.46"
Murphy Sanders,Spain,Overijssel,ELD25UUI3IE,Vitae Odio Sagittis PC,O'Higgins,"$8,319.78"
Ila Kennedy,Nigeria,Warmińsko-mazurskie,YNU47END6TG,Sapien Gravida LLC,Noord Holland,"$3,114.41"
Imelda Chen,Austria,Madhya Pradesh,AFP82CKM2SG,Sociis Natoque Penatibus Associates,Moscow Oblast,"$7,215.76"
Paloma Moore,United States,Dōngběi,YRL79FBW3MW,Magnis Dis Company,Östergötlands län,"$9,290.99"
Jolie Powers,Germany,Gelderland,EZG68LBL9MJ,Odio Nam Corporation,Schleswig-Holstein,"$9,178.57"
Roth Reeves,Vietnam,Aceh,NXI34BCG2WH,Cursus Luctus LLC,Waals-Brabant,"$8,149.04"
Ivor Burks,Norway,Kostroma Oblast,TVI53CNN8PF,Pede Ac PC,Burgenland,"$8,152.61"
Xyla Chapman,Peru,South Jeolla,BDV17RLC1QM,Leo Vivamus Nibh Incorporated,Jharkhand,"$6,213.03"
Morgan Pollard,France,Loreto,LMP86BAP1XL,Dolor Foundation,West Region,"$4,556.44"
Dustin David,Indonesia,Maranhão,UZJ74EYR6QL,Eu Dolor Corporation,Murcia,"$4,167.09"
Kasper Cooley,Italy,Northern Territory,WEN32JVR2EH,Nonummy Ac Associates,Trøndelag,"$6,100.44"
Avram Acevedo,Ireland,Limón,WXC48TGH2QO,Molestie Associates,Akwa Ibom,"$3,977.35"
Colorado Chase,India,Puebla,NFC17XLF5NF,Fringilla Est Ltd,San José,"$4,188.40"
Todd Roman,New Zealand,Paraná,VDI02XBH7RO,Amet Ante LLC,South Jeolla,"$2,935.43"
Garth Brewer,South Africa,Gorontalo,LSZ32QGL7LR,Non Nisi Associates,Virginia,$153.54
Norman Mccarty,Ukraine,Delta,WZZ75CJO4DN,Arcu Industries,Konya,"$6,030.82"
Roth Raymond,South Africa,Luik,OHE18JCD2XC,Cras Lorem Lorem Foundation,Lima,"$7,661.65"
Eric Gillespie,Germany,Puntarenas,FNN03BHT1JH,Nulla Facilisi LLP,Belgorod Oblast,"$2,679.11"
Julie Steele,Germany,Bayern,YEQ16UCF6NZ,Vestibulum Neque Industries,Vestfold og Telemark,"$4,539.95"
Reuben Stewart,Vietnam,Munster,CZS90SUC2FV,Dapibus Limited,Tennessee,"$1,715.17"
Aurelia Tyson,Russian Federation,South Island,IIC07EIJ0FD,Rutrum Urna Nec LLP,Arkansas,"$2,973.13"
Beau Meyer,United States,South Gyeongsang,IJP26YCM6DS,Consequat Dolor Foundation,West Region,"$7,766.45"
Stuart Noble,Netherlands,Viken,QBH04NVM1JD,Lectus Justo Ltd,West Bengal,"$3,366.56"
Levi Villarreal,Indonesia,Friuli-Venezia Giulia,CUP89FCC1XY,Dis Parturient Montes Limited,South Jeolla,"$4,247.64"
Jane Orr,Netherlands,Sindh,PHE80JKO8ZN,Congue Elit Corp.,Arequipa,"$2,075.78"
Denise Gaines,China,Maranhão,EDJ06ZSX1AA,Tortor At Incorporated,Eastern Cape,$312.42
Walter Ingram,South Korea,Lower Austria,RQP60RFG4NB,Augue Sed LLP,Sikkim,"$8,337.05"
Alma Randolph,United States,Bangsamoro,RCB52PFV7JU,Curabitur Incorporated,Lampung,"$8,189.13"
Kimberley Gilmore,Singapore,Viken,JCO86IUS8UV,Ut Incorporated,Liguria,"$2,429.54"
Tanya Browning,Vietnam,Bretagne,OMD88ZKL4YW,Dictum Sapien Industries,Zhytomyr oblast,"$5,130.35"
Geraldine Travis,France,Toscana,ATC44MLJ4DG,Aenean Massa Limited,Pskov Oblast,"$3,463.23"
Angela Goff,New Zealand,Stirlingshire,TCF62DUJ9EC,Nunc LLC,Munster,"$8,504.93"
Linus Powers,Costa Rica,East Region,RBU27WMV6PE,Nunc Ullamcorper Eu PC,Ohio,"$7,653.55"
Summer Calhoun,Indonesia,Distrito Capital,XED85EUA5JV,Nibh Aliquam Ornare Corporation,South Island,"$8,201.93"
Thor Willis,Turkey,Punjab,QIE57SVT6BE,Eleifend Vitae Associates,Vienna,"$6,109.07"
Phillip Gomez,Philippines,Magallanes y Antártica Chilena,FET24XNH7KW,Tincidunt Orci Quis Consulting,Baden Württemberg,"$5,072.06"
Kimberly Hughes,Austria,Jönköpings län,UNO74XFY8OW,Orci Institute,Hidalgo,"$9,798.10"
Gay Stark,China,East Region,IHD58KDU3HE,Nunc Sed Inc.,Namen,$275.90
Marvin Logan,Poland,Bremen,TES14GFS6HU,Arcu Nunc Consulting,Northern Cape,"$5,185.21"
Evan Carey,Ireland,Västra Götalands län,UNM76GHU8OS,Feugiat Placerat Velit Corp.,Huádōng,"$3,006.11"
Allistair Olson,Mexico,West Region,CLS56UUS5QV,Accumsan LLC,North Gyeongsang,"$4,021.42"
Maggie Cotton,Singapore,Goa,HYT66VFA7GT,Nisi Institute,Piura,"$3,078.18"
Sacha Carrillo,Costa Rica,Odessa oblast,VTG18FYK6KM,Sem Ltd,Clackmannanshire,"$2,110.69"
Azalia Barber,Ireland,KwaZulu-Natal,RDV68JGP5GR,Arcu Corporation,Hưng Yên,"$3,474.80"
Candace Shelton,Spain,Vestfold og Telemark,IDW19EUA7TI,Egestas Inc.,Nebraska,"$1,467.28"
Stephen Duke,Poland,Zhytomyr oblast,VLQ57KTJ9YE,Cubilia Curae Phasellus Associates,Heredia,"$7,195.83"
Maxine York,Brazil,Aragón,BDW28ZLY4JS,Nulla Eget Metus Limited,Hatay,"$2,770.19"
Kerry Montgomery,United Kingdom,Kujawsko-pomorskie,KFQ46VSX8IS,Et Magnis Corporation,Western Visayas,"$1,787.58"
Chava Gilliam,France,Anambra,END49HDX9CX,Urna Suscipit Nonummy Corporation,Munster,"$3,548.25"
Kirestin Mckee,Netherlands,Idaho,JUM44KJG8FU,Curabitur Consequat Institute,Agder,"$8,979.84"
Prescott Stevens,Nigeria,KwaZulu-Natal,PSR89SED4YP,Nonummy Ultricies LLP,Leinster,"$5,281.34"
Aaron Randolph,Peru,Tamil Nadu,EKW17EMN7LG,Dolor Quam Elementum Industries,Central Java,"$1,251.44"
Megan Hammond,Spain,Haute-Normandie,JJG35VYC2BT,Nullam Ut Associates,Vlaams-Brabant,"$8,766.34"
Kareem Bates,Netherlands,Punjab,YEG23DKY2MG,Amet Limited,West Region,"$3,224.91"
Zephania Mann,Turkey,Azad Kashmir,IQZ29ULG1TC,Dictum Proin Incorporated,East Region,"$3,803.22"
Quyn Haney,Russian Federation,Dalarnas län,BTD58WQQ6OO,Nulla Vulputate Consulting,Östergötlands län,"$5,339.55"
Karleigh Tate,Ukraine,Rogaland,ACN19TBR6MC,Magna PC,Northwest Territories,"$1,536.00"
Rinah Morgan,South Korea,Vestfold og Telemark,NML56GWI5YU,Placerat Augue Sed PC,Noord Holland,"$4,130.02"
Ariel William,Italy,Puntarenas,IOD72FBE1EI,Et Ultrices LLP,Mykolaiv oblast,"$3,726.06"
Fiona Rivera,India,South Island,MLU97VNX6MB,Mi Felis Adipiscing LLC,Merionethshire,"$7,790.57"
Dalton Summers,Costa Rica,Tabasco,KBL42KHK7GY,A Incorporated,Upper Austria,"$5,519.00"
Macon Austin,Netherlands,Nord-Pas-de-Calais,QQG64VWX1XW,Nulla Integer Consulting,Zhōngnán,"$8,921.75"
Jasper Kirkland,Germany,Vaupés,EDC41RNX1WO,Vel Incorporated,Rivne oblast,"$7,563.72"
Belle Castillo,France,Östergötlands län,SKT32NMB8PM,Pellentesque Tincidunt Corporation,Luik,"$2,122.25"
Sierra Finley,Ukraine,La Rioja,MPB84EML7BL,Dis Parturient PC,Innlandet,"$2,649.95"
Jolie Hopkins,Vietnam,North Region,JYV88MXB0RS,Malesuada Augue Limited,Tabasco,"$9,831.07"
Yoko Atkins,Colombia,Southwestern Tagalog Region,RYR34LUF6BU,Parturient Montes Industries,Michigan,"$3,511.27"
Phelan Allen,Poland,Östergötlands län,GTN85DAX6OP,Ante Vivamus Non Inc.,Gelderland,"$7,993.29"
Rigel Good,France,Stockholms län,KPY30ZGQ1XT,Lobortis Quis Corporation,Kostroma Oblast,"$8,587.26"
Jonah Hunter,Chile,Utrecht,IEC31JZI2LS,Phasellus In Felis LLC,South Island,"$3,271.67"
Cameron Bruce,Brazil,Puglia,MXR44LFC8WH,Hendrerit Id Associates,Leinster,"$9,741.81"
Sydnee Mcgee,Philippines,O'Higgins,QDP43CVS5KE,Ut Erat LLC,Kocaeli,"$5,127.45"
Clementine Clemons,Australia,Kinross-shire,XEE21PLB5MM,Mi Incorporated,Gävleborgs län,"$4,640.61"
Gisela Ross,Poland,Extremadura,UKR57GIE8EV,In Mi LLP,Ceuta,"$3,385.10"
Raya Scott,Mexico,Aquitaine,DCO78EUY5JM,Feugiat Metus Corporation,Queensland,"$5,431.03"
Cora Anderson,Italy,Leinster,WNT25CFK8NN,In Sodales Elit PC,Gävleborgs län,"$7,976.87"
Lois Sandoval,Mexico,Lakshadweep,DKQ20BQW5LW,Ac Mi Corp.,Pays de la Loire,"$1,120.91"
Nerea Norton,United Kingdom,Xīnán,RDK36MKC2OK,Scelerisque Neque Inc.,Nariño,"$3,044.17"
Scott Holcomb,Spain,Jeju,HIF66FQI1PS,Posuere PC,Guanacaste,"$7,161.27"
Maris Sykes,Mexico,Munster,NNK07LTU1IY,Lectus Pede Incorporated,Bangsamoro,"$3,066.77"
Kirby Goodman,France,Gauteng,RUA05RNH3CL,Scelerisque Neque Ltd,Zachodniopomorskie,"$4,398.25"
Scott Horne,Brazil,Jalisco,HSY16AQW0TP,Est Mollis Non Industries,Calabarzon,"$6,947.50"
Griffin Donaldson,Chile,Vinnytsia oblast,VSX46FUO9OQ,Lobortis Mauris PC,Extremadura,"$3,166.47"
Chantale Cannon,United Kingdom,Pays de la Loire,HDB46VYX8UY,Metus Associates,Kirovohrad oblast,"$8,546.70"
Hayes Maddox,Australia,Limón,BYL12SUU1RH,Lobortis Quam Institute,Sachsen-Anhalt,$234.81
Lucy Short,Belgium,Munster,XTG12YRF6SU,Elit Limited,Karnataka,"$5,338.52"
Oleg Owens,Sweden,North Island,MPR88CYE0IG,Eget Lacus Industries,Victoria,"$2,155.09"
Curran Serrano,Vietnam,South Island,XYY73APE9PE,Dui Fusce Aliquam PC,Casanare,"$2,362.05"
Graiden Haley,Peru,Zhōngnán,MVZ73RCS9HL,At Iaculis Quis Inc.,Sindh,"$4,837.96"
Vera Crane,Spain,South Island,NPL66FIT7IV,Egestas Sed Ltd,Rio de Janeiro,"$8,276.72"
Pearl Ramos,Italy,Khmelnytskyi oblast,GLH29BHV5UW,Duis Sit Ltd,Huila,"$4,966.47"
Keefe Faulkner,South Africa,Roxburghshire,KJN31DQM4GK,Mollis Phasellus Corp.,Berlin,"$1,490.38"
Sade Cole,India,Huáběi,LOF32FNR2OB,Tempus Company,Gangwon,"$9,977.13"
Rachel Pickett,France,Khyber Pakhtoonkhwa,TOX00PIF9SU,Arcu LLC,Emilia-Romagna,"$3,037.77"
Chanda Fitzpatrick,Austria,Central Region,RCH73UGJ5LC,Leo Vivamus PC,Hà Nam,$492.78
Allen Sampson,Philippines,Connacht,QSG05PDY7RR,Risus Institute,North Island,"$6,429.78"
Kevin Cabrera,Chile,Sussex,GCO77JCU3IX,Tincidunt Tempus Foundation,Guaviare,$437.14
Chandler Turner,Belgium,Salzburg,UXZ23IAY0JP,Nec Consulting,Balıkesir,"$4,283.27"
Audrey Ayers,Nigeria,Balıkesir,THG80XIJ8LY,Leo Morbi LLC,Kherson oblast,"$2,092.57"
Jesse Melton,Chile,Franche-Comté,XQO28TRU1TX,Ante Ipsum LLP,Northamptonshire,$50.97
Althea Gutierrez,Australia,Franche-Comté,PYD51VDL6RU,Nunc Sit Amet Inc.,Heredia,"$4,487.01"
Fletcher Vazquez,Mexico,Sinaloa,LYM85USR2OF,Sagittis Duis Inc.,Salzburg,"$2,364.07"
Ahmed Oneil,United Kingdom,Dalarnas län,LIT47CLG6NU,Ante Iaculis PC,Norte de Santander,"$4,304.03"
Ulysses Peterson,Nigeria,Connacht,MSW38VHP3YF,Tincidunt Tempus Risus Associates,Munster,"$6,694.90"
Theodore Gibson,Nigeria,Australian Capital Territory,SOV93AZQ7RW,Curabitur Egestas Institute,Luik,"$9,177.11"
Keegan Lyons,Belgium,Bretagne,QXI08YIX5ED,Malesuada Vel Venenatis Ltd,Cagayan Valley,"$4,178.13"
Mannix Key,Mexico,Haute-Normandie,CZR45SKL1GG,Eu Institute,Valparaíso,"$4,509.62"
Bell Long,China,Bretagne,TGC32JDE8LE,Risus Nulla Industries,Poltava oblast,"$9,324.16"
Fay Bartlett,Mexico,Wyoming,DYI63HEM8ZJ,Egestas Aliquam Company,Zhōngnán,"$2,583.22"
Xanthus Church,Nigeria,Franche-Comté,WMM71CXP4MJ,Aenean Associates,Molise,"$7,575.76"
Amber Wilkins,China,Castilla - La Mancha,CDS54QHH5PC,Imperdiet Dictum LLP,Kaduna,"$4,813.72"
Vladimir Ferrell,Australia,Jalisco,VCB33FJG3DY,Aliquam Ultrices PC,Uttarakhand,"$2,444.68"
Joel Camacho,Australia,Vorarlberg,HXV63OLH6SU,Neque Venenatis Limited,Vĩnh Phúc,"$9,593.05"
MacKenzie Butler,Ireland,La Libertad,RYZ67GQJ1FL,Nibh Corp.,Magadan Oblast,"$5,977.92"
Cecilia Holloway,Austria,Quảng Nam,VOX57MRV8JM,Non Arcu LLP,Ilocos Region,"$8,232.03"
Echo Finch,United States,São Paulo,WTE79HFH0VQ,Vivamus Company,South Island,"$4,394.93"
Nelle Odom,Russian Federation,North Gyeongsang,DJA91EJU5DN,Et Inc.,Kiên Giang,"$5,635.63"
Reagan Farley,Mexico,Oost-Vlaanderen,BOC23NBG7ZK,Elit Erat LLC,Gloucestershire,"$2,375.01"
Kelsie Pollard,Australia,Coquimbo,RTQ33JSX1KY,Massa Vestibulum Industries,Cajamarca,"$7,049.81"
Hasad Brock,Belgium,Cusco,FFG26FDK7WW,Suspendisse Commodo Tincidunt Associates,Franche-Comté,"$4,845.52"
Aline Fry,New Zealand,Loreto,JYX56FFP5QS,Facilisis Lorem Associates,Saskatchewan,"$3,916.40"
Blaze Lawson,Costa Rica,South Australia,DQX96MVT1MR,Turpis Nec Ltd,Puntarenas,"$5,132.42"
Yuli Fulton,Norway,Morayshire,BDF34VCR1GH,Nullam Enim LLC,Nova Scotia,"$1,039.85"
Boris Hobbs,France,Munster,IJG29MOY2XL,Eleifend Nec Associates,O'Higgins,"$4,670.28"
Theodore Heath,Peru,Cartago,VAO51LDN0OL,Convallis Corp.,West Region,"$9,897.66"
Jeremy Gregory,Spain,Free State,CZL31FFI5VE,Augue Eu Inc.,Daman and Diu,"$4,612.85"
Quin Irwin,Spain,Aragón,EKB26WRJ2FF,Arcu Institute,Heredia,"$6,651.68"
Alika Cooley,Sweden,Uttarakhand,OBK04RFC5IE,Lectus Ante Associates,Rio de Janeiro,"$4,451.85"
Petra Higgins,China,Carinthia,FGM17SSW9WL,Vel Mauris Integer LLC,Paraná,"$1,195.60"
Cheyenne Everett,Philippines,Lorraine,EVT81LHF2UQ,Magna Phasellus Dolor Associates,Zeeland,"$7,670.50"
Miriam Warren,Ukraine,Burgenland,OTH79FFN7ZY,Nec Enim Industries,Saskatchewan,"$8,577.57"
Gil Good,Spain,Mizoram,OPZ22RWZ9OR,Semper Pretium Institute,Troms og Finnmark,$506.02
Madison Brady,Peru,Coquimbo,XLD87AHF2GE,Magna A LLC,Quindío,"$4,114.86"
Allen Collier,Belgium,Rio de Janeiro,XDN18YNN3AL,Magna Associates,Sucre,"$3,862.76"
Nerea Atkins,France,Nunavut,IWH79OVQ5JF,Sed Hendrerit LLP,Lorraine,"$2,443.42"
Holly Garrett,China,Free State,TAL51QYM0TV,Non Arcu Vivamus Industries,West Sumatra,"$1,336.26"
Evan Holden,Ukraine,Khyber Pakhtoonkhwa,DGZ41LGB7GB,Nec Mollis Vitae Foundation,Ogun,"$2,532.26"
Juliet Ellison,Germany,Limousin,QEX69UJF5HJ,Egestas Aliquam Inc.,Alajuela,"$2,401.14"
Emily Randall,Peru,Punjab,MBX67EKX2SV,Dignissim Consulting,Davao Region,"$5,443.44"
Lev Holmes,South Africa,Burgenland,OPJ48CEA4AF,Eget Volutpat Ornare Foundation,Stockholms län,"$5,435.64"
Aline Zimmerman,Turkey,Lower Austria,JQY85RNO1NN,Consequat Purus Ltd,Maranhão,"$1,314.68"
Willa Wheeler,Ukraine,Kostroma Oblast,SGF92MBD0LX,Feugiat Sed Industries,Heredia,"$5,552.78"
Burton Avery,France,Vologda Oblast,RMB27NUL6QG,Erat Vitae Risus Industries,Huáběi,"$2,249.21"
Shellie Pena,Mexico,Puntarenas,FSB81KEZ8SR,In Corporation,Friuli-Venezia Giulia,"$5,427.14"
Christine Garcia,Costa Rica,Bình Thuận,QKY55YAX0CR,Ligula Corporation,Vestfold og Telemark,"$2,664.23"
Hedwig Gill,Nigeria,Leinster,HUW62GNT2FG,Eu Ltd,Bursa,"$1,258.23"
Perry Whitney,Canada,Maine,BOL11JUN3TQ,Ac Eleifend Company,Cajamarca,"$9,896.79"
Michael Sandoval,Colombia,Nagaland,SYQ67HIS2HF,Magna Sed Institute,Ancash,"$2,709.38"
Lacey Vega,Indonesia,Vestland,VRP34UEQ6YH,Faucibus Lectus Limited,Schleswig-Holstein,"$7,622.88"
Myra Henry,United States,Puntarenas,LMY52HYP0DM,Nonummy Fusce Ltd,Zachodniopomorskie,"$4,841.84"
MacKenzie Garcia,Austria,Sindh,RAV32ICG3SW,Convallis Est Vitae Corp.,Balochistan,"$7,610.77"
Emerson Bentley,Colombia,Alajuela,XLM68NVL6YA,Nam Ac PC,South Island,"$7,802.25"
Chaney Mayo,Ukraine,Midi-Pyrénées,GJS20NII3YX,Lorem Institute,Principado de Asturias,"$6,714.91"
Aladdin Hamilton,Ireland,Zhōngnán,MMT56SGI1HV,Placerat Orci LLC,Zeeland,"$8,273.24"
Meredith Christensen,Russian Federation,Vichada,PCV35PUD4SR,Augue Inc.,South Island,"$4,197.55"
Jonah Bray,Turkey,Munster,MIU16DFF6ZZ,In Scelerisque Limited,Alajuela,$23.78
April Avila,Belgium,Gangwon,IKA20NFQ3ME,Mollis Phasellus Libero LLC,Anambra,"$7,377.94"
Felicia Allison,United States,Rogaland,DGC54CWU2RY,Ligula Consectetuer Industries,Cartago,"$5,227.80"
Lucian Gomez,Costa Rica,South Jeolla,IHX51ZNI3PF,Libero Foundation,Upper Austria,"$9,886.00"
Finn Ortiz,Canada,Murcia,EJK06MNC4EL,Erat Vel Associates,Sachsen-Anhalt,"$5,736.19"
Bradley Murphy, United Kingdom, Chiswick, e46kingggg, Sheet Metal Co., South-West Region, "$1.89"